"game_play_id","rush_id","jerseyNumber","hit_hurry_or_sack","unique_plays","average_prob","coerce"
"2021090900-2279",35441,93,0,1,0.126299748372919,0.128473120022853
"2021090900-2279",40074,92,0,1,0.161806005211371,0.115015447372792
"2021090900-2279",41915,58,1,1,0.47159789207409,0.190994711640118
"2021090900-2279",53461,9,0,1,0.090001783790594,0.134331240058735
