"game_play_id","rush_id","jerseyNumber","hit_hurry_or_sack","unique_plays","average_prob","coerce"
"2021091203-601",42431,99,0,1,0.0819317165580465,0.104643894806335
"2021091203-601",43343,24,0,1,0.0958297057304441,0.135625735559639
"2021091203-601",43376,59,1,1,0.728936549003531,0.465438752870833
"2021091203-601",43694,58,0,1,0.335554868346307,0.15965903634956
"2021091203-601",44867,94,0,1,0.0640270643208812,0.0756794537782635
