"game_play_id","rush_id","jerseyNumber","hit_hurry_or_sack","unique_plays","average_prob","coerce"
"2021091212-2857",37075,58,0,1,0.215965474024415,0.201335878805923
"2021091212-2857",40347,98,0,1,0.0247050589056347,0.0470304076891234
"2021091212-2857",47854,93,0,1,0.254691843705421,0.360825562660704
"2021091212-2857",48089,59,0,1,0.0358762895392084,0.06946840900068
